[
  {
    "id": "/subscriptions/0ecdc862-3415-4adc-b63b-63244c74d0d5/resourceGroups/Servidor01_group/providers/Microsoft.Resources/deployments/CreateVm-MicrosoftWindowsServer.WindowsServer-201-20240611144505/operations/AC5EC9B60E6CB668",
    "operationId": "AC5EC9B60E6CB668",
    "properties": {
      "provisioningOperation": "Create",
      "provisioningState": "Running",
      "timestamp": "2024-06-11T18:47:17.1238723Z",
      "duration": "PT3.9988716S",
      "trackingId": "5244b206-c4fd-4779-a026-903b14722113",
      "statusCode": "Created",
      "targetResource": {
        "id": "/subscriptions/0ecdc862-3415-4adc-b63b-63244c74d0d5/resourceGroups/Servidor01_group/providers/Microsoft.Compute/virtualMachines/Servidor01",
        "resourceType": "Microsoft.Compute/virtualMachines",
        "resourceName": "Servidor01"
      }
    }
  },
  {
    "id": "/subscriptions/0ecdc862-3415-4adc-b63b-63244c74d0d5/resourceGroups/Servidor01_group/providers/Microsoft.Resources/deployments/CreateVm-MicrosoftWindowsServer.WindowsServer-201-20240611144505/operations/989A6D735B8254A2",
    "operationId": "989A6D735B8254A2",
    "properties": {
      "provisioningOperation": "Create",
      "provisioningState": "Succeeded",
      "timestamp": "2024-06-11T18:47:14.0366873Z",
      "duration": "PT0.9116866S",
      "trackingId": "84f244a1-f796-446d-926e-f94ddf671a7b",
      "statusCode": "Created",
      "targetResource": {
        "id": "/subscriptions/0ecdc862-3415-4adc-b63b-63244c74d0d5/resourceGroups/Servidor01_group/providers/Microsoft.Network/networkInterfaces/servidor01672",
        "resourceType": "Microsoft.Network/networkInterfaces",
        "resourceName": "servidor01672"
      }
    }
  },
  {
    "id": "/subscriptions/0ecdc862-3415-4adc-b63b-63244c74d0d5/resourceGroups/Servidor01_group/providers/Microsoft.Resources/deployments/CreateVm-MicrosoftWindowsServer.WindowsServer-201-20240611144505/operations/459D25582BABF6A5",
    "operationId": "459D25582BABF6A5",
    "properties": {
      "provisioningOperation": "Create",
      "provisioningState": "Succeeded",
      "timestamp": "2024-06-11T18:47:10.4462365Z",
      "duration": "PT4.2847755S",
      "trackingId": "61f65f81-f345-4349-bfce-e10e81cc070b",
      "statusCode": "OK",
      "targetResource": {
        "id": "/subscriptions/0ecdc862-3415-4adc-b63b-63244c74d0d5/resourceGroups/Servidor01_group/providers/Microsoft.Network/publicIpAddresses/Servidor01-ip",
        "resourceType": "Microsoft.Network/publicIpAddresses",
        "resourceName": "Servidor01-ip"
      }
    }
  },
  {
    "id": "/subscriptions/0ecdc862-3415-4adc-b63b-63244c74d0d5/resourceGroups/Servidor01_group/providers/Microsoft.Resources/deployments/CreateVm-MicrosoftWindowsServer.WindowsServer-201-20240611144505/operations/F002E461C4728A3A",
    "operationId": "F002E461C4728A3A",
    "properties": {
      "provisioningOperation": "Create",
      "provisioningState": "Succeeded",
      "timestamp": "2024-06-11T18:47:10.3563927Z",
      "duration": "PT4.1949317S",
      "trackingId": "c64436e7-ad78-414c-846b-a474dfc0b62d",
      "statusCode": "OK",
      "targetResource": {
        "id": "/subscriptions/0ecdc862-3415-4adc-b63b-63244c74d0d5/resourceGroups/Servidor01_group/providers/Microsoft.Network/virtualNetworks/Servidor01-vnet",
        "resourceType": "Microsoft.Network/virtualNetworks",
        "resourceName": "Servidor01-vnet"
      }
    }
  },
  {
    "id": "/subscriptions/0ecdc862-3415-4adc-b63b-63244c74d0d5/resourceGroups/Servidor01_group/providers/Microsoft.Resources/deployments/CreateVm-MicrosoftWindowsServer.WindowsServer-201-20240611144505/operations/7A034F8271E22F0D",
    "operationId": "7A034F8271E22F0D",
    "properties": {
      "provisioningOperation": "Create",
      "provisioningState": "Succeeded",
      "timestamp": "2024-06-11T18:47:12.6301537Z",
      "duration": "PT6.4686927S",
      "trackingId": "0a46af49-d3f7-4232-86ba-0f0360d57ece",
      "statusCode": "OK",
      "targetResource": {
        "id": "/subscriptions/0ecdc862-3415-4adc-b63b-63244c74d0d5/resourceGroups/Servidor01_group/providers/Microsoft.Network/networkSecurityGroups/Servidor01-nsg",
        "resourceType": "Microsoft.Network/networkSecurityGroups",
        "resourceName": "Servidor01-nsg"
      }
    }
  }
]