{
  "id": "/subscriptions/0ecdc862-3415-4adc-b63b-63244c74d0d5/resourceGroups/Servidor01_group/providers/Microsoft.Resources/deployments/CreateVm-MicrosoftWindowsServer.WindowsServer-201-20240611144505",
  "name": "CreateVm-MicrosoftWindowsServer.WindowsServer-201-20240611144505",
  "type": "Microsoft.Resources/deployments",
  "tags": {
    "primaryResourceId": "/subscriptions/0ecdc862-3415-4adc-b63b-63244c74d0d5/resourcegroups/Servidor01_group/providers/Microsoft.Compute/virtualMachines/Servidor01",
    "marketplaceItemId": "Microsoft.VirtualMachine-ARM",
    "provisioningHash": "SolutionProvider"
  },
  "properties": {
    "templateHash": "2682447524011391262",
    "parameters": {
      "location": {
        "type": "String",
        "value": "brazilsouth"
      },
      "networkInterfaceName": {
        "type": "String",
        "value": "servidor01672"
      },
      "enableAcceleratedNetworking": {
        "type": "Bool",
        "value": true
      },
      "networkSecurityGroupName": {
        "type": "String",
        "value": "Servidor01-nsg"
      },
      "networkSecurityGroupRules": {
        "type": "Array",
        "value": [
          {
            "name": "RDP",
            "properties": {
              "priority": 300,
              "protocol": "TCP",
              "access": "Allow",
              "direction": "Inbound",
              "sourceAddressPrefix": "*",
              "sourcePortRange": "*",
              "destinationAddressPrefix": "*",
              "destinationPortRange": "3389"
            }
          },
          {
            "name": "HTTP",
            "properties": {
              "priority": 320,
              "protocol": "TCP",
              "access": "Allow",
              "direction": "Inbound",
              "sourceAddressPrefix": "*",
              "sourcePortRange": "*",
              "destinationAddressPrefix": "*",
              "destinationPortRange": "80"
            }
          },
          {
            "name": "HTTPS",
            "properties": {
              "priority": 340,
              "protocol": "TCP",
              "access": "Allow",
              "direction": "Inbound",
              "sourceAddressPrefix": "*",
              "sourcePortRange": "*",
              "destinationAddressPrefix": "*",
              "destinationPortRange": "443"
            }
          }
        ]
      },
      "subnetName": {
        "type": "String",
        "value": "default"
      },
      "virtualNetworkName": {
        "type": "String",
        "value": "Servidor01-vnet"
      },
      "addressPrefixes": {
        "type": "Array",
        "value": [
          "10.0.0.0/16"
        ]
      },
      "subnets": {
        "type": "Array",
        "value": [
          {
            "name": "default",
            "properties": {
              "addressPrefix": "10.0.0.0/24"
            }
          }
        ]
      },
      "publicIpAddressName": {
        "type": "String",
        "value": "Servidor01-ip"
      },
      "publicIpAddressType": {
        "type": "String",
        "value": "Static"
      },
      "publicIpAddressSku": {
        "type": "String",
        "value": "Standard"
      },
      "pipDeleteOption": {
        "type": "String",
        "value": "Detach"
      },
      "virtualMachineName": {
        "type": "String",
        "value": "Servidor01"
      },
      "virtualMachineComputerName": {
        "type": "String",
        "value": "Servidor01"
      },
      "virtualMachineRG": {
        "type": "String",
        "value": "Servidor01_group"
      },
      "osDiskType": {
        "type": "String",
        "value": "Premium_LRS"
      },
      "osDiskDeleteOption": {
        "type": "String",
        "value": "Delete"
      },
      "virtualMachineSize": {
        "type": "String",
        "value": "Standard_E2s_v3"
      },
      "nicDeleteOption": {
        "type": "String",
        "value": "Detach"
      },
      "hibernationEnabled": {
        "type": "Bool",
        "value": false
      },
      "adminUsername": {
        "type": "String",
        "value": "supersmash"
      },
      "adminPassword": {
        "type": "SecureString"
      },
      "patchMode": {
        "type": "String",
        "value": "AutomaticByOS"
      },
      "enableHotpatching": {
        "type": "Bool",
        "value": false
      }
    },
    "mode": "Incremental",
    "debugSetting": {
      "detailLevel": "None"
    },
    "provisioningState": "Running",
    "timestamp": "2024-06-11T18:47:16.4455166Z",
    "duration": "PT12.6191397S",
    "correlationId": "33e92fe9-6a62-4edf-b812-c9190c6120e4",
    "providers": [
      {
        "namespace": "Microsoft.Network",
        "resourceTypes": [
          {
            "resourceType": "networkInterfaces",
            "locations": [
              "brazilsouth"
            ]
          },
          {
            "resourceType": "networkSecurityGroups",
            "locations": [
              "brazilsouth"
            ]
          },
          {
            "resourceType": "virtualNetworks",
            "locations": [
              "brazilsouth"
            ]
          },
          {
            "resourceType": "publicIpAddresses",
            "locations": [
              "brazilsouth"
            ]
          }
        ]
      },
      {
        "namespace": "Microsoft.Compute",
        "resourceTypes": [
          {
            "resourceType": "virtualMachines",
            "locations": [
              "brazilsouth"
            ]
          }
        ]
      }
    ],
    "dependencies": [
      {
        "dependsOn": [
          {
            "id": "/subscriptions/0ecdc862-3415-4adc-b63b-63244c74d0d5/resourceGroups/Servidor01_group/providers/Microsoft.Network/networkSecurityGroups/Servidor01-nsg",
            "resourceType": "Microsoft.Network/networkSecurityGroups",
            "resourceName": "Servidor01-nsg"
          },
          {
            "id": "/subscriptions/0ecdc862-3415-4adc-b63b-63244c74d0d5/resourceGroups/Servidor01_group/providers/Microsoft.Network/virtualNetworks/Servidor01-vnet",
            "resourceType": "Microsoft.Network/virtualNetworks",
            "resourceName": "Servidor01-vnet"
          },
          {
            "id": "/subscriptions/0ecdc862-3415-4adc-b63b-63244c74d0d5/resourceGroups/Servidor01_group/providers/Microsoft.Network/publicIpAddresses/Servidor01-ip",
            "resourceType": "Microsoft.Network/publicIpAddresses",
            "resourceName": "Servidor01-ip"
          }
        ],
        "id": "/subscriptions/0ecdc862-3415-4adc-b63b-63244c74d0d5/resourceGroups/Servidor01_group/providers/Microsoft.Network/networkInterfaces/servidor01672",
        "resourceType": "Microsoft.Network/networkInterfaces",
        "resourceName": "servidor01672"
      },
      {
        "dependsOn": [
          {
            "id": "/subscriptions/0ecdc862-3415-4adc-b63b-63244c74d0d5/resourceGroups/Servidor01_group/providers/Microsoft.Network/networkInterfaces/servidor01672",
            "resourceType": "Microsoft.Network/networkInterfaces",
            "resourceName": "servidor01672"
          }
        ],
        "id": "/subscriptions/0ecdc862-3415-4adc-b63b-63244c74d0d5/resourceGroups/Servidor01_group/providers/Microsoft.Compute/virtualMachines/Servidor01",
        "resourceType": "Microsoft.Compute/virtualMachines",
        "resourceName": "Servidor01"
      }
    ],
    "validationLevel": "Template"
  }
}